bits,Miller-Rabin,Joye-Paillier,Maurer
8,0.008205699999999982,0.015474600000000005,0.0004686000000000412
16,0.01614939999999998,0.46371130000000005,10.4530617
32,0.035919299999999765,0.009977599999999143,0.005535899999999927
64,0.10213990000000095,0.015479600000000815,12.709638799999999
128,0.357273799999998,0.04816770000000048,0.06685969999999841
256,1.5106335999999985,0.2544468000000002,0.4389095000000012
512,18.443944400000003,1.349557500000003,2.2928982999999974
